{"М": 0.12238325281803543, "Е": 0.09178743961352658, "У": 0.07890499194847021, "4": 0.07246376811594203, ">": 0.06763285024154589, "И": 0.06602254428341385, "Д": 0.05636070853462158, "Й": 0.0499194847020934, "О": 0.04669887278582931, "t": 0.043478260869565216, "Р": 0.04186795491143317, "1": 0.0322061191626409, "Л": 0.030595813204508857, "2": 0.027375201288244767, "r": 0.027375201288244767, " ": 0.024154589371980676, "Х": 0.020933977455716585, "8": 0.017713365539452495, "А": 0.011272141706924315, "Ч": 0.00966183574879227, "Щ": 0.00966183574879227, "Ъ": 0.008051529790660225, "К": 0.008051529790660225, "7": 0.00644122383252818, "П": 0.00644122383252818, "Ш": 0.00644122383252818, "Ф": 0.00644122383252818, "-": 0.00322061191626409, "Ь": 0.00322061191626409, "Ы": 0.001610305958132045, "5": 0.001610305958132045}