{"М": 0.12264150943396226, "Е": 0.09299191374663072, "У": 0.07681940700808626, "4": 0.07142857142857142, ">": 0.0646900269541779, "Д": 0.06334231805929919, "И": 0.06064690026954178, "Й": 0.04851752021563342, "О": 0.0431266846361186, "Р": 0.04043126684636118, "t": 0.04043126684636118, "1": 0.03099730458221024, "r": 0.026954177897574125, "Л": 0.025606469002695417, "Х": 0.025606469002695417, "2": 0.02425876010781671, "\n": 0.022911051212938006, "8": 0.018867924528301886, "А": 0.013477088948787063, " ": 0.01078167115902965, "Ч": 0.01078167115902965, "<": 0.009433962264150943, "Щ": 0.009433962264150943, "Ф": 0.006738544474393531, "Ъ": 0.006738544474393531, "К": 0.006738544474393531, "7": 0.005390835579514825, "П": 0.005390835579514825, "Ш": 0.005390835579514825, "-": 0.0026954177897574125, "5": 0.0026954177897574125, "Ь": 0.0026954177897574125, "Ы": 0.0013477088948787063}