{"М": 0.12313937753721245, "Е": 0.09336941813261164, "У": 0.07713125845737483, "4": 0.07171853856562922, ">": 0.06495263870094722, "Д": 0.06359945872801083, "И": 0.06089309878213803, "Й": 0.04871447902571042, "О": 0.04330175913396482, "Р": 0.04059539918809202, "t": 0.04059539918809202, "1": 0.03112313937753721, "r": 0.02706359945872801, "Л": 0.02571041948579161, "Х": 0.02571041948579161, "2": 0.02435723951285521, "\n": 0.02029769959404601, "8": 0.018944519621109608, "А": 0.013531799729364006, " ": 0.012178619756427604, "Ч": 0.010825439783491205, "<": 0.009472259810554804, "Щ": 0.009472259810554804, "Ф": 0.006765899864682003, "Ъ": 0.006765899864682003, "К": 0.006765899864682003, "7": 0.005412719891745603, "П": 0.005412719891745603, "Ш": 0.005412719891745603, "5": 0.0027063599458728013, "Ь": 0.0027063599458728013, "Ы": 0.0013531799729364006}